Seller name,Listing Title,Price,Date Updated
ferraportrait,"Custom portrait gift, personalized photo, faceless illustration, personalised portrait, boyfriend gift, gift for him",USD 3.09+,2023-09-22
ferraportrait,"Custom family portrait and friendship gift, custom illustration, gift for her, custom cartoon portrait",USD 3.09+,2023-09-22
ferraportrait,"Custom illustration gifts Faceless Portrait, personalised photo, fall illustration, personalised portrait, Gifts for him",USD 3.09+,2023-09-22
ferraportrait,"Best Friend Gift Birthday, couple Portrait, Faceless Portrait Print, Custom Portrait, Friend illustration, Personalized Gift For Her",USD 3.09+,2023-09-22
ferraportrait,"Personalized Family Portrait From Photo, Cartoon Portrait, Personalized Gift For Him, Gift For Family, Faceless Portrait, Custom Portrait",USD 4.24+,2023-09-22
ferraportrait,"Custom Portrait from Photo, Printed Family Illustration, Cartoon Portrait, Custom Portrait Personalized Print, Gift for Him, Custom Drawing",USD 4.24+,2023-09-22
ferraportrait,"Trick or Treat Shirt, Ghoulishly Good Halloween Decor, Ghostly Prints and More",USD 3.66+,2023-09-22
ferraportrait,Halloween Printable Art - Instant Spooky Decor,USD 3.66+,2023-09-22
ferraportrait,"Halloween Ghost Decor, Printable Artwork for a Bootiful Home, Printable Halloween portrait,",USD 3.66+,2023-09-22
ferraportrait,"Halloween Digital Art for Spooky Decor, faceless portrait, Printable Digital Art",USD 3.66+,2023-09-22
ferraportrait,"Custom Portrait from Photo, Custom Wedding Portrait from Photo, Digital Watercolor Illustration, pride gift",USD 3.09+,2023-09-22
ferraportrait,"Custom Printable Couple Portrait, Custom Drawing, Personalized Wedding Gift, Minimalist Wall Art, gift for friend",USD 3.66+,2023-09-22
ferraportrait,"Custom portrait with home decor, faceless digital portrait, drawing from photo, Digital drawing, Family picture, gift",USD 3.43+,2023-09-22
ferraportrait,"Personalized Digital Portrait, Custom Art Print, Faceless Portrait, Unique Gift, Gift for Her, Gift for Him,",USD 3.66+,2023-09-22
ferraportrait,"Custom Digital Couple Portrait From Photo, Faceless Portrait Print, Custom Portrait, Faceless Digital Portrait, Long Distance Couple Gift",USD 3.09+,2023-09-22
ferraportrait,"Custom Family Portrait From Photo, Family Portrait Illustration, Digital Portrait Print, Faceless Portrait Custom, gift for her",USD 3.43+,2023-09-22
ferraportrait,Custom Minimalist Digital Portrait Faceless Illustration ASAP | Faceless Digital Art | Printable Art | Profile picture | Personalized Gift,USD 3.43+,2023-09-22
ferraportrait,"Custom couple illustration Portrait, personalized photo, illustration frame, personalized portrait, gift for her, engagement couple portarit",USD 3.09+,2023-09-22
ferraportrait,"Printable Gift for her, Minimal Family Wall Art, Personalized birthday Gift, friend portrait new home",USD 4.24+,2023-09-22
ferraportrait,"Baby shower gift, Drawing Gift for Him, Faceless Portraits for Profile Picture, Hand Drawn Faceless Portrait, Drawing from Photo",USD 4.24+,2023-09-22
ferraportrait,"Custom Faceless Portrait, personalized gift, photo illustration, realistic portrait, boyfriend gift, Minimalist gift",USD 4.24+,2023-09-22
ferraportrait,with eyes and detail,USD 5.95,2023-09-22
ferraportrait,"minimal Custom Portrait,  Illustration gift, Custom Unique Gift, Custom Portrait Gift, gift for her, minimal wall art",USD 3.43+,2023-09-22
ferraportrait,"Printable Custom Family Portrait, Minimal Wall Art, Personalized Gift Idea, custom gift for him",USD 4.24+,2023-09-22
ferraportrait,"Minimalist Portrait for her Digital Print, Personalized Wall Art, Custom couple Gift",USD 4.24+,2023-09-22
ferraportrait,"Personalized Couple Portrait Digital Print, Custom Wall Art, gift for her, Minimalist Gift",USD 3.66+,2023-09-22
ferraportrait,"Printable Digital Custom Portrait, Minimal Family Wall Art, Personalized Gift",USD 4.24+,2023-09-22
ferraportrait,"Custom boho minimalist Faceless Portrait, summer gift, Faceless Digital Portrait, Personalized Gift, Family Custom photo, gift for her",USD 3.43+,2023-09-22
ferraportrait,"custom illustration vector portrait, minimal wallpaper decor, custom faceless painting, gift for boyfriend, custom gift for him",USD 4.24+,2023-09-22
ferraportrait,"Custom illustration Faceless Portrait, personalized gift, photo illustration, gift for her, boyfriend gift, girlfriend gift",USD 3.09+,2023-09-22
ferraportrait,"Custom Faceless Photo, Drawing Gift for Him, Faceless Portraits for Profile Picture, Hand Drawn Faceless Portrait, Drawing from Photo",USD 4.47+,2023-09-22
ferraportrait,"personalized artwork, outline portrait, Custom Artwork print, family drawing photo, Mother's Day gift, engagement gift, digital art print",USD 8.20+,2023-09-22
ferraportrait,Faceless Portrait custom illustration| perzonalised photo| photo illustration| personalised portrait| boyfriend gift| girlfriend gift,USD 4.24+,2023-09-22
ferraportrait,"Custom illustration Faceless Portrait, Halloween Costume Ideas, beautiful Halloween Party Gifts, Ghostly Shirt For Her",USD 3.66+,2023-09-22
ferraportrait,"Personalized Cartoon Portrait Illustration, Custom Vector Art, Couple Drawing, Unique Gift",USD 4.24+,2023-09-22
ferraportrait,"Couple Cartoon Portrait, Custom Vector Drawing, Personalized Art Gift Idea, Custom Illustration",USD 4.24+,2023-09-22
ferraportrait,"Custom vector illustration Faceless Portrait, personalized photo, photo illustration, personalised portrait, gift for her",USD 4.24+,2023-09-22
ferraportrait,"Dog Portrait Art, Custom Pet Canvas Painting, Personalized Pet Drawing, Pet Lover Gift",USD 3.09+,2023-09-22
ferraportrait,"Pet Portrait Painting, Custom Dog Canvas Art, Personalized Pet Drawing, Pet Lover Gift",USD 3.09+,2023-09-22
ferraportrait,Modern Minimalist No Face Drawing Illustration Gift Anniversary Birthday Engagement Bridal Shower Family Portrait Customized Illustration,USD 4.24+,2023-09-22
ferraportrait,"Faceless portrait custom Family portrait illustration with pets, Custom line drawing from photo, Couples portrait, Line art portrait DIGITAL",USD 8.20+,2023-09-22
ferraportrait,"Best friend portrait from photo, Hand drawn portrait for friends, Custom Cartoon portrait Digital, Faceless portrait print illustration",USD 8.20+,2023-09-22
ferraportrait,"Custom Portrait Anniversary Gift, Personalized Wedding Keepsake, Engagement Photo Present, Home decor",USD 4.24+,2023-09-22
ferraportrait,"Handmade Custom Portrait, Personalized Illustration, Custom Artwork, Unique Gift, Custom Portrait Gift, gift for her",USD 3.43+,2023-09-22
ferraportrait,"Custom Portrait Illustration, Handmade Art, Personalized Artwork, Custom Gift, Customized Portrait",USD 3.43+,2023-09-22
ferraportrait,"minimalist Faceless Portrait gift, faceless portrait, Faceless Digital Portrait, Personalized Gift, Family Custom photo, gift for her",USD 3.43+,2023-09-22
ferraportrait,"Custom Vector Art Portrait, gift for her, engagement Couple Drawing, Personalized Gift, Customized Illustration",USD 4.24+,2023-09-22
ferraportrait,"Custom Faceless Photo, Drawing Gift for Him, Faceless Portraits for Profile Picture, Hand Drawn Faceless Portrait, Drawing from Photo",USD 4.24+,2023-09-22
ferraportrait,"Custom drawing Faceless Portrait, personalized photo, photo illustration, personalised portrait, boyfriend gift, Minimalist gift",USD 4.24+,2023-09-22
ferraportrait,"Custom Halloween faceless portrait , Haunting Portrait, Spooky Wall Art, Halloween Home Decor, faceless portrait",USD 3.66+,2023-09-22
ferraportrait,"Printable Halloween portrait, Halloween Costume Ideas, beautiful Halloween Party Gifts, Ghostly Shirt For Her",USD 3.66+,2023-09-22
ferraportrait,"Halloween Party Gifts, Spooky Halloween Costume, Trick or Treat Shirt, Gift For Her, faceless portrait, custom portrait",USD 3.66+,2023-09-22
ferraportrait,"Halloween faceless Portrait Gift, Creepy Wall Art, Spooky Home Decor, Halloween Gift Idea, gift for her",USD 3.66+,2023-09-22
ferraportrait,"Halloween Gift, Haunting Portrait, Spooky Wall Art, Halloween Home Decor, Unique Gift, faceless portrait",USD 3.66+,2023-09-22
ferraportrait,"Halloween unique gift, Creepy Wall Art, Spooky Home Decor, Halloween Gift Idea, Home decor",USD 3.66+,2023-09-22
ferraportrait,"Halloween Gift, Halloween Portrait, Spooky Wall Art, Halloween Home Decor, Unique Gift, Minimalist",USD 3.66+,2023-09-22
ferraportrait,"Personalised Gift Idea, Custom Portrait from Your Photo, Faceless Illustration, Handcrafted Artwork, Minimalist",USD 3.66+,2023-09-22
ferraportrait,"Custom Kid Portrait Silhouette, Nursery Decor, Unique Birthday Present, tatto ideas, black and with wall art",USD 2.23+,2023-09-22
ferraportrait,"summer gift, Custom Couple Portrait printable, , Couple Illustration, Anniversary Gift for Wife, Anniversary Gifts for Boyfriend Couples",USD 3.09+,2023-09-22
ferraportrait,"Silhouette Portrait Art Print, Personalized Gift for Kids, Nursery Decor, gift for him, gift for friend",USD 4.47+,2023-09-22
ferraportrait,"Modern Printable Silhouette Art, Couple Wall Decor, Minimalist Silhouette, Home Gift Idea",USD 4.47+,2023-09-22
ferraportrait,"custom wall art drawing faceless portrait, minimal wallpaper decor, custom faceless painting, gift for boyfriend, custom art work drawing",USD 4.24+,2023-09-22
ferraportrait,"Engagement gift, faceless portrait, Faceless Digital Portrait, Personalized Gift, Family Custom photo, gift for her",USD 3.09+,2023-09-22
ferraportrait,"Custom Portrait from Your Photo, Faceless Illustration, Handcrafted Artwork, Personalized Gift Idea",USD 4.81+,2023-09-22
ferraportrait,"Printable Minimal Faceless Portrait for best friend gift, custom photo painting for her, minimal faceless art painting, faceless art print",USD 4.24+,2023-09-22
ferraportrait,"Personalized Custom Portrait Wedding Gift, Anniversary Keepsake, Engagement Photo Present",USD 3.43+,2023-09-22
ferraportrait,"Handmade Custom Portrait, Combine Photo, Faceless Portrait, Personalized Gift Idea, gift for her",USD 3.09+,2023-09-22
ferraportrait,"Printable Silhouette Wall Art, Modern Couple Silhouette, Minimalist Decor, Black and White Art, gift for her",USD 4.47+,2023-09-22
ferraportrait,"Personalized Pet Portrait, Watercolor Painting, cat Drawing, Pet Memorial Gift, Gift For Him",USD 3.09+,2023-09-22
ferraportrait,"Custom Pet Portrait, Personalized Watercolor Painting, Pet Memorial Gift, Dog Drawing, Gift For Her",USD 3.09+,2023-09-22
ferraportrait,"Custom Baseball Player Portrait, Personalized Cartoon Print, Unique Digital Art Print",USD 3.26+,2023-09-22
ferraportrait,"Personalised baby Portrait, Custom Illustration, Friendship Gift, Cartoon from Photo, Color Block Print",USD 3.26+,2023-09-22
ferraportrait,"Gift for Her, Gift for Him, Personalized Digital Portrait, Custom Art Print, Faceless Portrait, Unique Gift",USD 3.66+,2023-09-22
ferraportrait,"Friendship Gift Idea, Custom Faceless Portrait, Personalised Photo, Cartoon from Photo, Digital Art Print",USD 3.66+,2023-09-22
ferraportrait,"Custom Silhouette Portrait, the perfect personalized gift for birthday, Custom Kids Room Decor, Unique Birthday Gift",USD 4.47+,2023-09-22
ferraportrait,"Custom Couple Portrait Printable, Custom Drawing, Personalized Wedding Gift, Minimalist Wall Art Decoration",USD 3.66+,2023-09-22
ferraportrait,"Wedding Portrait, Personal Portrait, Anniversary Gift, Groom and Bride Portrait, Family Portrait, Wedding Gift, Digital Portrait, bride",USD 3.09+,2023-09-22
ferraportrait,"Custom pet portrait from photo, digital dog portrait painting on canvas, personalized gift, pet memorial gift",USD 3.09+,2023-09-22
ferraportrait,"Custom Line Drawing, Family Portrait, Drawing From Photo, Custom Line Art, Minimalist Portrait, Abstract Portrait, Minimalist Illustration",USD 3.78+,2023-09-22
ferraportrait,"Custom Portrait, Cartoon Portrait, Custom Illustration, Portrait From Photo, Personalized Portrait, Couple Portrait, Family Portrait",USD 3.09+,2023-09-22
ferraportrait,"Custom illustration Faceless Portrait, personalized photo, photo illustration, personalised portrait, boyfriend gift, girlfriend gift",USD 3.09+,2023-09-22
ferraportrait,"Custom Faceless Portrait, Wedding Anniversary Gift, Personalized Line Art Print, Digital Painting",USD 3.78+,2023-09-22
ferraportrait,"One Line Drawing , Custom Couple Portrait, Custom Family Gift, Personalized Wedding Anniversary Gift, Custom Line From Photo",USD 3.78+,2023-09-22
ferraportrait,"Couple Silhouette Wall Art, Printable Decor, Black and White Silhouette, Modern Home Decor",USD 4.47+,2023-09-22
ferraportrait,"Custom Faceless Portrait Downloads for friendship day, gift for him, minimalist wall art for photo, boy friends gift",USD 3.09+,2023-09-22
ferraportrait,"Faceless Portrait, custom illustration, photo illustration, personalized photo, personalized portrait, friendship gift, friends gift idea",USD 4.24+,2023-09-22
ferraportrait,"Printable Minimal Faceless Portrait for best friend gift, custom photo painting for her, minimal faceless art painting, faceless digital art",USD 3.09+,2023-09-22
ferraportrait,"Custom faceless Portrait, Family Portrait, Custom Portrait From Photo, Portraits From Photos, Personalized Gifts, friendship Day Gift",USD 3.09+,2023-09-22
ferraportrait,"custom Silhouette for tattoo art, Silhouette Portrait Art, Custom Kids Room Decor",USD 3.32+,2023-09-22
ferraportrait,"Custom Portrait From Photo, Family Portrait Illustration, Custom Cartoon Portrait, Custom Couple Gift, Anniversary Gift For Him",USD 3.09+,2023-09-22
ferraportrait,"custom couple portrait, couple drawing, couple painting, faceless portrait print, Engagement portrait print , Engagement photo painting gift",USD 3.09+,2023-09-22
ferraportrait,"Custom Illustration, Digital Art, Line Art, Custom Portrait, Family Portrait, Couples Portrait, Personalised Gift, Custom line drawing, pet",USD 3.78+,2023-09-22
ferraportrait,"Custom Minimal couple, No Face Illustration, Digital Portrait, Cartoon Portrait, Holiday Gift, Birthday Gift, Anniversary Gift, valentine",USD 3.78+,2023-09-22
ferraportrait,"wall print gifts Silhouette Printable Art, Wall Decor, Modern Silhouette, Home Decor, Gift For Couple",USD 4.47+,2023-09-22
ferraportrait,"Custom Digital Faceless Portrait, Grandparents' Day Gift, Express Your Gratitude, grand mom and dad portrait",USD 3.09+,2023-09-22
ferraportrait,"Custom Line Drawing Couple, Friends birthday, Custom Portrait, Portrait pic, Sketches From Photo, Personalized Gifts , gift for best friend",USD 3.78+,2023-09-22
ferraportrait,"Custom Grandparents' Day Gift, Couple Faceless Portrait, grand father gift, Celebrate Their Love",USD 3.09+,2023-09-22
ferraportrait,"Custom Faceless Portrait, Grandparents' Day Gift, Cherish the Memories, Digital Faceless Portrait, Preserve Their Legacy",USD 3.09+,2023-09-22
ferraportrait,"Personalized Digital Faceless Portrait - Meaningful Gift for Grandparents' Day, custom portrait grand mom",USD 3.09+,2023-09-22
ferraportrait,"Personalized Father's Day Gift, Custom Dad Portrait, Father's Day unforgettable Meaningful Artwork, Wall art, Halloween",USD 3.09+,2023-09-22
ferraportrait,"custom family cartoon painting from photo, personalized couple portrait drawing, faceless portrait illustration gift, faceless portrait",USD 3.66+,2023-09-22
ferraportrait,"Father's gift from photo, Father's day Memorable with a gift for your dad, Gift's for dad, Faceless portrait",USD 3.66+,2023-09-22
ferraportrait,"Custom pet canvas, custom pet portrait, pet portrait canvas, custom dog portrait, custom pet painting, custom dog painting, dog canvas",USD 3.09+,2023-09-22
ferraportrait,"custom Line drawing from photo, gift for boyfriend, Line drawing Wedding Anniversary Gift, Custom Couple illustration, minimalist wall art",USD 3.78+,2023-09-22
ferraportrait,"Faceless Portrait, custom illustration, personalised photo, photo illustration, Custom portrait, boyfriend gift, girlfriend gift",USD 3.09+,2023-09-22
ferraportrait,Minimalist Custom Faceless Digital Art Downloads Elevate Your Space with Elegant Wall Decor,USD 3.09+,2023-09-22
ferraportrait,"Custom Portrait, Combine Photo, Faceless Portrait, birthday gift, friend gift, couple portrait, christmas gift, portrait photo",USD 28.62,2023-09-22
ferraportrait,"Creative Valentine's Day Gifts: Capture Your Love with a Custom Digital Portrait, Personalized minimalist wall art",USD 3.09+,2023-09-22
ferraportrait,"Minimalist Custom Portrait, Handmade Summer Gift, Personalized Wall Art, Gift Idea for Birthday or Anniversary",USD 3.09+,2023-09-22
ferraportrait,"custom grandparent's portrait illustration, faceless portrait drawing, Family portrait gift, Printable memories, Minimalist",USD 3.66+,2023-09-22
ferraportrait,Unlock Your Imagination with a Custom Faceless Digital Portrait - Create a Truly Unique Artwork - pet portrait,USD 3.09+,2023-09-22
ferraportrait,Personalized barbenheimer Faceless portrait Couple Gifts Celebrate Your Unbreakable Bond,USD 3.09+,2023-09-22
ferraportrait,"Custom Couple summer Portrait Digital Painting, Engagement Photo, Soulmate Drawing, Minimalist Wall Art, summer",USD 3.09+,2023-09-22
ferraportrait,"Custom One line Couple portrait drawing, couple line art, couple portrait, custom portrait, Valentines day gift, Kiss print, Gift for her",USD 3.78+,2023-09-22
ferraportrait,"Custom Pet designed picture for wall, pert loss gift, dog & cat portrait, personalized pet portrait from photo",USD 3.09+,2023-09-22
ferraportrait,Custom Minimalist Digital Portrait Faceless Illustration ASAP- Faceless Digital Art Printable Art Profile Picture Personalized Gift,USD 3.09+,2023-09-22
ferraportrait,"Father's Day Portrait,  make this Father's day Memorable with a gift for your dad, Gift's for dad",USD 3.09+,2023-09-22
ferraportrait,"Custom Digital Portraits Preserve Memories with Artistic Flair, Faceless portrait",USD 3.09+,2023-09-22
ferraportrait,"Faceless Portrait Custom, Faceless Digital Portrait, Custom Portrait Print, Custom Faceless Drawing, Minimalist Portrait, couple Gift",USD 3.09+,2023-09-22
ferraportrait,Celebrate Your Best Friend's Special Day with a Thoughtful and Personalized Birthday Gift,USD 3.09+,2023-09-22
ferraportrait,"Printable Minimal Faceless Portrait, Custom Family Portrait, Personalized Minimalist Wall Art, printable gift",USD 3.09+,2023-09-22
ferraportrait,"custom Family portrait illustration, faceless portrait drawing, Baby shower gift, Family portrait gift, Printable memories, Minimalist",USD 3.66+,2023-09-22
ferraportrait,Embrace the Unique Beauty of Faceless Portraits - High-Quality Prints for Home Decor,USD 3.09+,2023-09-22
ferraportrait,Create Lasting Memories with a Personalized Best Friend Portrait - Customizable Digital Artwork,USD 3.09+,2023-09-22
ferraportrait,Portrait Painting From Photo â€“ Personalized Gift Wall Art -  Drawing from Photo -  Cartoon Portrait,USD 3.09+,2023-09-22
ferraportrait,"Custom Portrait, Couple Portrait, Cartoon Portrait, Custom Family Portrait, Couple Drawing, Personalized Portrait, Custom Illustration",USD 3.09+,2023-09-22
ferraportrait,"Personalized Faceless Photo, Drawing from Photo, Faceless Portraits for Profile Picture, Hand Drawn Faceless Portrait, gift for him",USD 3.09+,2023-09-22
ferraportrait,"Custom Digital Portrait for best friend, painting faceless Portrait From Photo, Custom Couple Portrait",USD 3.09+,2023-09-22
ferraportrait,"Faceless Portrait Custom Family Portrait, Custom Memorial Portrait, Digital Portrait Illustration, Faceless Portrait Print, Faceless Art",USD 3.09+,2023-09-22
ferraportrait,Personalized Digital Portraits - Capturing Memories with Artistic Flair - faceless portrait,USD 3.09+,2023-09-22
ferraportrait,"Personalized Father's Day Gift, Custom Dad Portrait, Meaningful Artwork, Wall art, Father's Day unforgettable",USD 3.09+,2023-09-22
ferraportrait,"Graduate Gifts and Personalized Art Custom Digital Portraits, Faceless Art, and Unique Gift Ideas for Him and Her",USD 3.09+,2023-09-22
ferraportrait,"Faceless Portrait, custom illustration, personalized photo, photo illustration, personalised portrait, boyfriend gift, gift for dad",USD 3.09+,2023-09-22
ferraportrait,"Personalized Gifts Custom faceless Portraits, Family and Kids Portraits, and Sketches from Photos, Best Friend Birthday Gift For Her",USD 3.09+,2023-09-22
ferraportrait,"Custom Portraits Faceless Art, Unique Gifts, and Personalized Commissioned Artwork, Gift for Mom from Daughter",USD 3.09+,2023-09-22
ferraportrait,"Faceless Portrait Print Custom Digital Painting, Best Friend Birthday Gift, Personalized Artwork, Minimalist Decor",USD 3.09+,2023-09-22
ferraportrait,"This Father's Day, give your dad a gift that speaks from the heart, Custom Dad Portrait, Personalized Father's Day Art",USD 3.09+,2023-09-22
ferraportrait,"Custom friends Portrait from photo in Best day, Custom Family Illustration From Photo, Family Drawing Portrait",USD 3.09+,2023-09-22
ferraportrait,"Couple Portrait Printable, Custom Drawing, Personalized Wedding Gift, Minimalist Wall Art Decoration",USD 3.09+,2023-09-22
ferraportrait,"Unique Gift for Dad, Make this Father's Day memorable with gift for your dad, Custom Dad Portrait, father gift",USD 3.09+,2023-09-22
ferraportrait,"custom couple portrait, couple drawing, couple painting, faceless portrait print, Engagement portrait print , Engagement photo painting gift",USD 3.09+,2023-09-22
ferraportrait,"Custom family portrait, faceless portrait print, family portrait illustration, couple portrait, custom portrait for friend, birthday gifts",USD 3.09+,2023-09-22
ferraportrait,"Custom Couple Illustration From Photo or Family Drawing Cartoon Portrait, Faceless Portrait, Anniversary Gift",USD 3.09+,2023-09-22
ferraportrait,"Custom Dad Portrait faceless gift, Father's Day Special - Custom Dad Portrait - Unique Gift for Dad",USD 11.74,2023-09-22
ferraportrait,"Remembrance Gift Custom Dog Drawing Custom Dog Paintings, Custom Pet Portrait, Personalized Pet Painting, Digital Painted from Photo, cat",USD 3.09+,2023-09-22
ferraportrait,"Custom Portrait, Pregnancy Gift, Ultrasound Scan, Baby Shower, Baby Art, Baby Room Print, Personalized pic, Gift For Her, Expecting Mom Gift",USD 3.09+,2023-09-22
ferraportrait,"Pregnancy Custom Line Drawing, Digital Print Download, Maternity Portrait, Mother Wall Art, Pregnancy Gift",USD 3.09+,2023-09-22
ferraportrait,"Custom Line art Family Drawing from Photo, Soulmate gift,Minimalist Neutral gallery wall, Minimal wall Decor",USD 4.24+,2023-09-22
ferraportrait,"Custom Pet Portrait from Photo, Gift Personalized Photo Gift Pet Portrait from Photo Personalised Gift",USD 3.09+,2023-09-22
ferraportrait,"Drawing Custom minimalist Faceless Photo for friend in best day, fantastic gift for couple, personalized photo gift friend, custom portrait",USD 3.09+,2023-09-22
ferraportrait,"Custom Family portrait with pets, Father day Gift For Dad From Daughter, Personalized Family Wall Art Illustration, Daddy birthday gift, pic",USD 3.09+,2023-09-22
ferraportrait,"Custom Faceless Portrait, Custom Family Gift, Faceless Portrait print, Family birthday gift for her, Family Custom photo, gift for him, gift",USD 3.09+,2023-09-22
ferraportrait,"digital Couple Custom anniversary gift for wife Husband Parents, custom gift for friend, Unique Wall Art",USD 3.09+,2023-09-22
ferraportrait,"Custom Minimalist Line art Family Drawing from Photo Soulmate gift, Minimal wall Decor, Couple Line Art, Minimalist Neutral gallery wall",USD 4.24+,2023-09-22
ferraportrait,"Custom Faceless Photo Drawing Gift for Him, Faceless Portraits for Profile Picture, Hand Drawn Faceless Portrait ASAP",USD 3.09+,2023-09-22
ferraportrait,"Custom Best Friend Engagement Gifts Faceless Portrait Print, Best Friend Birthday Gift For Her, Custom Portrait, Faceless Digital Portrait",USD 3.09+,2023-09-22
ferraportrait,"Custom Line Drawing Gift for Boyfriend, lesbian gift, Unique Husband Gift, engagement gift for couple, printable first anniversary wall art",USD 4.24+,2023-09-22
ferraportrait,"Custom Faceless Photo, Drawing Gift for Him, Faceless Portraits for Profile, Custom portrait, boyfriend gift",USD 3.09+,2023-09-22
ferraportrait,"Custom Minimalist Gift Wall Art, Custom Pet portrait, minimal cat portrait, drawing from photo, Pet lose gift, pet gift, faceless portrait",USD 3.09+,2023-09-22
ferraportrait,"Personalized Pet Portrait | Custom Digital Pet Portrait | Personalized Dog, Cat, Illustrations in Cartoon Style | Digital Download, cat gift",USD 3.09+,2023-09-22
ferraportrait,"Custom Dad Portrait - Personalized Father's Day Gift - Unique and Meaningful Artwork Photo Drawing Gift for Him, personalized portrait gift",USD 3.09+,2023-09-22
ferraportrait,"Faceless Drawing Portrait, Custom Faceless Portrait from Photo, Digital Portrait, Best Friend Portrait, Drawing from Photo, Cartoon Portrait",USD 3.09+,2023-09-22
ferraportrait,"Custom Faceless Memorial Portraits for Profile Picture, Faceless Photo, Drawing Gift for Him, personalized portrait, boyfriend gift, ASAP",USD 3.09+,2023-09-22
ferraportrait,"Custom faceless digital painting from photo with background, couple digital illustration, Couple portrait, Personalized gift for friend",USD 3.09+,2023-09-22
ferraportrait,"Faceless Drawing Portrait, Custom Family portrait, Digital Cartoon Portrait, Best Friend Portrait, Gift from Photo",USD 3.09+,2023-09-22
ferraportrait,Couples Faceless Portrait - The Perfect Proposal Drawing for Your Sister in Law - digital drawing from photo,USD 3.09+,2023-09-22
ferraportrait,"Custom Faceless Portrait, Faceless Portrait Print, Custom Portrait, Couple digital Faceless Illustration, Custom photo, gift for her, ASAP",USD 3.09+,2023-09-22
ferraportrait,"Custom minimalist Faceless Portrait, faceless portrait, Faceless Digital Portrait, Personalized Gift, Family Custom photo, gift for her",USD 3.43+,2023-09-22
ferraportrait,"Custom Line Drawing Minimalist From Photo for father's, Custom One Line Drawing Couple Portrait, Personalized Wall Art, Boho line wall art",USD 4.24+,2023-09-22
OnemerceMarketingLtd,"Personalized Drawing, Custom Line Drawing Portrait From Photo, Custom Couple Portrait, Family Gift, Wedding Anniversary, Gift For Him",USD 9.34+,2023-09-22
OnemerceMarketingLtd,"Custom Line Drawing Portrait From Photo, Personalized Drawing, Custom Family Portrait, Couple Gift, Gift For Him, Wedding Anniversary Gift",USD 9.34+,2023-09-22
OnemerceMarketingLtd,"Custom Best Friends Portrait Painting, Custom Line Drawing Portrait From Photo, One Line Best Friend Gift, Personalized Drawing, Wall Art",USD 9.34+,2023-09-22
OnemerceMarketingLtd,"Custom Family Portrait Art, Personalized Family Wall Art Illustration, Art from Photo, Mother birthday gift, Family Painting From Photo",USD 7.23+,2023-09-22
OnemerceMarketingLtd,"Pet Memorial Portrait, Portrait From Photo, Loss Of Pet, Memorial Gift, Custom Memorial Portrait, Angel Wings and Halo, Pet Loss gifts",USD 9.34+,2023-09-22
OnemerceMarketingLtd,"Engagement Portrait, Custom Line Drawing Portrait From Photo, Custom Couple Portrait, Personalized Drawing, Engaged faceless portrait gift",USD 9.34+,2023-09-22
OnemerceMarketingLtd,"Custom Line Drawing Portrait From Photo, Personalized Drawing, Custom Couple Portrait, Wedding Anniversary, Family Gift, Gift For Him",USD 11.92+,2023-09-22
OnemerceMarketingLtd,"Personalized Father Portrait, Custom Drawing Portrait, Custom Line Drawing Portrait From Photo, Gift For Him, Gift for Dad, Father and Kid",USD 9.34+,2023-09-22
OnemerceMarketingLtd,"Wedding Anniversary Gift, Custom Line Drawing Portrait From Photo, Personalized Drawing, Family Gift, Gift For Him, Custom Couple Portrait",USD 9.34+,2023-09-22
OnemerceMarketingLtd,"Personalized Baby Drawing, Newborn portrait, Birthday Gift, Line Drawing Portrait From Photo, Custom Birth Poster, Family Gift, Newborn Gift",USD 9.34+,2023-09-22
OnemerceMarketingLtd,Additional Free - Add On,USD 9.88,2023-09-22
OnemerceMarketingLtd,"Custom Family Portrait, One Line Drawing, Custom Couple Portrait, Custom Line From Photo, Line Art, Personalized Wedding Anniversary Gift",USD 8.06+,2023-09-22
OnemerceMarketingLtd,"Personalized Mom Portrait, Custom Line Drawing Portrait From Photo, Custom Family Gift, Gift For Mom, Custom One Line drawing, Line art",USD 9.34+,2023-09-22
OnemerceMarketingLtd,"First Fathers Day gift for Daddy, Dad And Baby Canvas Wall Art, New Dad Gift from Baby, Father Line Drawing from Photo, Dad and Toddler",USD 9.55+,2023-09-22
OnemerceMarketingLtd,"First Fathers Day Gift for Grandpa, Grandpa and Kids Line Drawing, Grandpa and Children Portrait, Personalized Illustration Gift, Custom Art",USD 9.55+,2023-09-22
OnemerceMarketingLtd,"Custom Line Drawing From Photo, Custom Family Gift, Family Drawing from Photo, Fathers day gift, Personalized Family Portrait illustration",USD 9.55+,2023-09-22
OnemerceMarketingLtd,"Custom Line Drawing, Gift for Dad, Custom Portrait, Custom Dad and Kid Portrait, Digital Art, Family Portrait, Line Drawing, One Line Art",USD 8.06+,2023-09-22
OnemerceMarketingLtd,"Custom Family Drawing from Photo, Custom Line Drawing, Family Gift, Personalized Family Portrait illustration, Soulmate Gift, Couple Gift",USD 8.06+,2023-09-22
OnemerceMarketingLtd,"Custom Father Line Drawing, Custom Fathers day gift, Gift for Dad, Digital Art, Custom Portrait, Family Portrait, Dad & Son",USD 9.55+,2023-09-22
OnemerceMarketingLtd,"Custom one line drawing, Personalized drawing, Wedding anniversary, One line portrait, custom gift, Line art, Custom Couple Portrait",USD 8.06+,2023-09-22
OnemerceMarketingLtd,"Custom Family Drawing from Photo, Custom Line Drawing, Christmas Gift, Personalized Family Portrait illustration, Couple Gift, Soulmate Gift",USD 8.06+,2023-09-22
OnemerceMarketingLtd,"Custom One Line Drawing Couple Portrait, Custom Line Drawing Minimalist From Photo for father's, Personalized Wall Art, Boho line wall art",USD 8.06+,2023-09-22
OnemerceMarketingLtd,"Custom Fathers Day Gift, Personalized Fathers Day Gift for Dad From Daughter or Son, Daddy and Toddler, Family Portrait, Line Drawing",USD 9.55+,2023-09-22
OnemerceMarketingLtd,"First Fathers Day as Grandpa Portrait, First Grandfather's Day Art, Gift for Dad, Fathers Day Gift, Gift From Daughter, New Grandpa & Baby",USD 8.06+,2023-09-22
OnemerceMarketingLtd,"First Fathers Day as Grandpa, Personalised Photo Frame, Become New Papa, Gift from Kids, Grandpa and Kids Line Art, Grandpa and Toddler",USD 9.55+,2023-09-22
OnemerceMarketingLtd,"First Fathers Day Picture Frame, 1st Father's Day Gift from Baby, New Dad Gift, First Fathers Day Gifts, Dad and Kids, Custom Portrait Gift",USD 9.55+,2023-09-22
OnemerceMarketingLtd,"Fathers Day Custom Portrait from Photo, Custom Line Drawing, Fathers Day Gifts With Photo, Custom Family Print, Dad Birthday Gift",USD 9.55+,2023-09-22
OnemerceMarketingLtd,"Custom Family Drawing from Photo, Custom Line Art, Personalized Family Portrait illustration, Soulmate Gift, Couple Gift, Family Line Art",USD 9.55+,2023-09-22
OnemerceMarketingLtd,"Wedding line drawing, Custom one line drawing, One line portrait, custom gift, Wedding anniversary, Groom & Bride Line art, wedding gift",USD 9.55+,2023-09-22
OnemerceMarketingLtd,"First Anniversary Line Art, Custom Line Drawing, portrait from photo, gift for boyfriend, Unique Husband Gift, Lesbian Gift, Gift for Him",USD 9.55+,2023-09-22
OnemerceMarketingLtd,"One Line Drawing Poster, Custom Couple Portrait, Personalized Wedding Anniversary Gift,  Custom Family Gift, Custom Line From Photo",USD 9.55+,2023-09-22
OnemerceMarketingLtd,"Dog Dad Portrait, Dog Mom Art, Pet Color Art, Custom From Photo, Hand Drawn Dog Portrait gift, Fathers Day Gifts, Custom Pet Dog Wall Art",USD 8.06+,2023-09-22
BellasLines,"Custom Line Drawing, First Anniversary Gift, portrait from photo, gift for boyfriend, Unique Husband Gift, Lesbian Gift, Gift for Him",USD 9.00+,2023-09-22
BellasLines,"Personalized drawing, Custom one line drawing , One line portrait, custom gift, Wedding anniversary, Line art, Custom Portrait",USD 9.00+,2023-09-22
BellasLines,"Custom Line Drawing Custom Family Drawing from Photo, Christmas Gift, Personalized Family Portrait illustration, Soulmate Gift, Couple Gift",USD 9.00+,2023-09-22
BellasLines,"One Line Drawing , Custom Couple Portrait, Custom Family Gift, Personalized Wedding Anniversary Gift, Custom Line From Photo",USD 9.00+,2023-09-22
BellasLines,"Custom Line Drawing, Personalised Gift , Custom Illustration, Digital Line Art, Custom Family Portrait, Couples Portrait",USD 9.00+,2023-09-22
BellasLines,"Personalize Family Portrait, Custom Line Portrait, Digital Illustration, Line Art, Custom Line Drawing, Christmas Gift, Minimalist Portrait",USD 9.00+,2023-09-22
BellasLines,"Custom Line Drawing, Custom Fathers day gift, Gift for Dad, Digital Art, Custom Portrait, Family Portrait, Line Drawing",USD 9.00+,2023-09-22
BellasLines,"Line art drawing, Custom line drawing, Art drawing from photo, Custom artwork, , Custom illustration, Couple portrait, Family portrait",USD 9.00+,2023-09-22
BellasLines,"Custom Family Portrait, Custom Line Drawing, Mothers Day Gift, Couple Portrait, Gift For Mum, Sketches From Photo, Personalized Gifts",USD 9.00+,2023-09-22
BellasLines,"Custom Portrait, Anniversary Gift, Custom Line Drawing Couple, Wedding Portrait, Sketches From Photo, Personalized Gifts , Engagement Gift",USD 9.00+,2023-09-22
BellasLines,"Custom Line Drawing, Custom Family Portrait, Digital Art, Line Drawing, Custom Portrait, Custom Line Art, Christmas Gift",USD 9.00+,2023-09-22
BellasLines,"Custom Portrait, Custom Couple Line Drawing, Engagement Gift, Wedding Portrait, Anniversary Gift, Sketches From Photo, Personalized Gifts",USD 9.00+,2023-09-22
BellasLines,"Custom Line Artwork, Photo to Drawing, Family Portrait, Line Art Portrait, Love, Custom Portrait, Image To Drawing, Custom Line Art",USD 9.00+,2023-09-22
BellasLines,"Custom Pet Portrait, Pet Portrait Drawing, Sketches From Photo, Personalized Gifts , Dog Cat Portrait, Custom Line Art, Pet Gift",USD 9.00+,2023-09-22
BellasLines,"Custom Family Portrait, Custom Line Drawing, Mothers Day Gift, Couple Portrait, Gift For Mum, Sketches From Photo, Personalized Gifts",USD 9.00+,2023-09-22
BellasLines,"Couple portrait, Family portrait, Custom line drawing, Custom artwork, Line art drawing, Custom illustration, Art drawing from photo",USD 9.00+,2023-09-22
BellasLines,"Custom line drawing, Personalised Gift, Custom Illustration, Digital Line Art, Custom Family Portrait, Couples Portrait Gift",USD 9.00+,2023-09-22
BellasLines,"Custom Line Drawing, Custom Portrait, Personalised Gift, Couples Portrait, Custom Illustration, Digital Art, Line Art, Friendship Portrait",USD 9.00+,2023-09-22
BellasLines,"Custom Line Drawing, Personalised Gift, Custom Couple Portrait, Custom Illustration, Digital Line Art, Custom Portrait, Wedding Portrait",USD 9.00+,2023-09-22
BellasLines,"Custom Pet Portrait, Pet Portrait Drawing, Sketches From Photo, Personalized Gifts , Dog Cat Portrait, Custom Line Art, Pet Gift",USD 9.00+,2023-09-22
BellasLines,"Line art drawing, Custom Line Drawing, Colourful line portrait, Custom illustration, Art drawing from photo, Couple gift, Family portrait",USD 9.00+,2023-09-22
BellasLines,"Mothers Day Gift, Custom Line Drawing, Digital Art, Custom Family Portrait, Gift For Her, Personalized Gift For Mom, Gift For Mother",USD 9.00+,2023-09-22
BellasLines,"Custom Portrait, Custom Couple Line Drawing, Anniversary Gift, Engagement Gift, Wedding Portrait, Sketches From Photo, Personalized Gifts",USD 9.00+,2023-09-22
BellasLines,"Family Portrait from Photo, Personalized Line Art, Custom Friend Line Drawing, Best Friend Gift, Christmas Gift, Minimalist Portrait",USD 9.00+,2023-09-22
BellasLines,"Custom Pet Line Drawing Gift, One Line Drawing from Photo, Digital Animal Portrait, Memorial Dog Draw, Cat Dog Portrait",USD 9.00+,2023-09-22
BellasLines,"Newborn Gift, Custom Baby Portrait, Personalised Baby Gift, Personalised Gift, Custom Line Drawing, Sketch From Photo, Custom Portrait",USD 9.00+,2023-09-22
BellasLines,"Custom portrait, Line art, Custom Line Drawing, Line drawing, Personalised Gift, Paper anniversary gift, Couples Portrait",USD 9.00+,2023-09-22
BellasLines,"Custom family portrait, Custom line portrait, personalized family gift, Custom gift, custom couple gift, Line art, line drawing",USD 9.00+,2023-09-22
BellasLines,"Personalized Line Art, Custom Line Drawing, Digital Art, Drawing From Photo, Christmas Gift, Custom Family Portrait, Family Illustration",USD 9.00+,2023-09-22
BellasLines,"Line Drawing Gift, Custom personalized Wedding Anniversary Portrait, One Line Portrait from Photo, Custom Line Hand draw, Couple gift",USD 9.00+,2023-09-22
BellasLines,"Newborn Gift, Custom Baby Portrait, Personalised Baby Gift, Personalised Gift, Custom Line Drawing, Sketch From Photo, Custom Portrait",USD 9.00+,2023-09-22
BellasLines,"Custom Chirstmas Gift, Custom Family Portrait, Digital Art, Line Drawing, Custom Line Art, Mothers Day Gift, Gift for mum, Gift for her",USD 9.00+,2023-09-22
BellasLines,"Custom Pet Portrait, Dog Portrait, Cat Portrait, Pet Portrait Drawing from a photo, One line drawing, Personalized Gifts, Custom Line Art",USD 9.00+,2023-09-22
BellasLines,"Custom Pet Portrait, Pet Portrait Drawing, Custom Line Art, Sketches From Photo, Personalized Gifts, Dog Portrait, Cat Portrait",USD 9.00+,2023-09-22
BellasLines,"Custom family gift, personalized portrait, Custom line art, Custom line portrait, custom couple gift, Valentines gift, Line art drawing",USD 9.00+,2023-09-22
